City,Temperature,Condition
Accra,रवि 16.49,Broken clouds. Warm.
Addis Ababa,रवि 19.49,Passing clouds. Mild.
Adelaide,सोम 02.19,Refreshingly cool.
Algiers,रवि 17.49,Scattered clouds. Warm.
Almaty,रवि 21.49,Passing clouds. Refreshingly cool.
Amman,रवि 19.49,Clear. Pleasantly warm.
Amsterdam *,रवि 18.49,Passing clouds. Mild.
Anadyr,सोम 04.49,Passing clouds. Quite cool.
Anchorage *,रवि 08.49,Low clouds. Cool.
Ankara,रवि 19.49,Sunny. Pleasantly warm.
Antananarivo,रवि 19.49,Passing clouds. Mild.
Asuncion,रवि 13.49,Partly sunny. Warm.
Athens *,रवि 19.49,Pleasantly warm.
Atlanta *,रवि 12.49,Sunny. Warm.
Auckland,सोम 04.49,Clear. Cool.
Baghdad,रवि 19.49,Sunny. Extremely hot.
Bangkok,रवि 23.49,Passing clouds. Warm.
Barcelona *,रवि 18.49,Partly sunny. Warm.
Beijing,सोम 00.49,Mild.
Beirut *,रवि 19.49,Passing clouds. Warm.
Belgrade *,रवि 18.49,Overcast. Warm.
Bengaluru,रवि 22.19,Passing clouds. Mild.
Berlin *,रवि 18.49,Sunny. Mild.
Bogota,रवि 11.49,Partly sunny. Mild.
Boston *,रवि 12.49,Scattered clouds. Mild.
Brasilia,रवि 13.49,Passing clouds. Pleasantly warm.
Brisbane,सोम 02.49,Cool.
Brussels *,रवि 18.49,Partly sunny. Mild.
Bucharest *,रवि 19.49,Sunny. Mild.
Budapest *,रवि 18.49,More clouds than sun. Mild.
Buenos Aires,रवि 13.49,Sunny. Mild.
Cairo *,रवि 19.49,Clear. Hot.
Calgary *,रवि 10.49,Sunny. Refreshingly cool.
Canberra,सोम 02.49,Clear. Quite cool.
Cape Town,रवि 18.49,Sunny. Mild.
Caracas,रवि 12.49,Passing clouds. Hot.
Casablanca *,रवि 17.49,Sunny. Warm.
Chicago *,रवि 11.49,Sunny. Mild.
Copenhagen *,रवि 18.49,Clear. Mild.
Dallas *,रवि 11.49,Broken clouds. Warm.
Dar es Salaam,रवि 19.49,Scattered clouds. Warm.
Darwin,सोम 02.19,Passing clouds. Warm.
Denver *,रवि 10.49,Partly sunny. Refreshingly cool.
Detroit *,रवि 12.49,Sunny. Warm.
Dhaka,रवि 22.49,Low clouds. Warm.
Doha,रवि 19.49,Clear. Extremely hot.
Dubai,रवि 20.49,Passing clouds. Extremely hot.
Dublin *,रवि 17.49,Sprinkles. Broken clouds. Mild.
Edmonton *,रवि 10.49,Fog. Cool.
Frankfurt *,रवि 18.49,Sunny. Mild.
Guatemala City,रवि 10.49,Broken clouds. Mild.
Halifax *,रवि 13.49,Partly sunny. Mild.
Hanoi,रवि 23.49,Passing clouds. Warm.
Harare,रवि 18.49,Sunny. Pleasantly warm.
Havana *,रवि 12.49,Scattered clouds. Warm.
Helsinki *,रवि 19.49,Partly sunny. Cool.
Hong Kong,सोम 00.49,Passing clouds. Warm.
Honolulu,रवि 06.49,Passing clouds. Warm.
Houston *,रवि 11.49,Scattered clouds. Warm.
Indianapolis *,रवि 12.49,Sunny. Mild.
Islamabad,रवि 21.49,Passing clouds. Warm.
Istanbul,रवि 19.49,Scattered clouds. Mild.
Jakarta,रवि 23.49,Passing clouds. Warm.
Jerusalem *,रवि 19.49,Mild.
Johannesburg,रवि 18.49,Scattered clouds. Pleasantly warm.
Karachi,रवि 21.49,Passing clouds. Warm.
Kathmandu,रवि 22.34,Partly cloudy. Mild.
Kingston,रवि 11.49,Hot.
Kinshasa,रवि 17.49,Clear. Hot.
Kiritimati,सोम 06.49,Passing clouds. Warm.
Kolkata,रवि 22.19,Light rain. Partly cloudy. Warm.
